title,shelved,avg_rating,ratings,published
Harry Potter and the Sorcerer's Stone,52905,4.46,5732236,1997
The Hobbit,45536,4.26,2468952,1937
Harry Potter and the Chamber of Secrets,44479,4.4,2221594,1998
Harry Potter and the Prisoner of Azkaban,44271,4.55,2272006,1999
Harry Potter and the Goblet of Fire,42930,4.54,2127081,2000
Harry Potter and the Deathly Hallows,41731,4.63,2112970,2007
Harry Potter and the Half-Blood Prince,41484,4.56,2034085,2005
Harry Potter and the Order of the Phoenix,41451,4.48,2083929,2003
A Game of Thrones,39952,4.45,1694730,1996
The Fellowship of the Ring,34922,4.35,2052611,1954
A Clash of Kings ,28842,4.41,683101,1998
The Two Towers,25249,4.43,598738,1954
The Name of the Wind,24466,4.55,567844,2007
The Return of the King,24220,4.52,572741,1955
A Storm of Swords,24167,4.54,585500,2000
A Feast for Crows,23549,4.12,541372,2005
"The Lion, the Witch and the Wardrobe",21679,4.21,1836196,1950
Eragon,20781,3.88,1260637,2002
The Golden Compass,20675,3.96,1110036,1995
A Dance with Dragons,20288,4.32,481342,2011
American Gods,18758,4.11,635444,2001
The Lightning Thief,18738,4.24,1654305,2005
The Final Empire,18241,4.44,299346,2006
Twilight,15791,3.58,4338808,2005
City of Bones,15722,4.11,1403298,2007
The Lord of the Rings,15040,4.49,487727,1955
Neverwhere,14884,4.17,360007,1996
The Eye of the World,14812,4.19,318412,1990
The Wise Man's Fear,14601,4.58,344138,2011
Throne of Glass,14089,4.22,445431,2012
The Night Circus,13786,4.04,551602,2011
Graceling,13593,4.09,337123,2008
The Princess Bride,13301,4.26,695037,1973
"Good Omens: The Nice and Accurate Prophecies of Agnes Nutter, Witch",13039,4.25,390869,1990
The Color of Magic,12745,3.99,265335,1983
Harry Potter and the Cursed Child: Parts One and Two,12520,3.69,535144,2016
The Subtle Knife,12391,4.12,304446,1997
The Lies of Locke Lamora,12265,4.3,170684,2006
The Sea of Monsters,12201,4.24,623416,2006
Assassin's Apprentice,12200,4.15,192948,1995
Eldest,11915,3.97,301986,2005
The Silmarillion,11873,3.9,182810,1977
The Magician's Nephew,11822,4.03,343905,1955
The Hunger Games,11796,4.33,5606626,2008
The Well of Ascension,11643,4.36,215235,2007
The Way of Kings,11472,4.65,219526,2010
A Wizard of Earthsea,11336,4.0,193817,1968
New Moon,11334,3.53,1282110,2006
The Amber Spyglass,11305,4.08,245426,2000
A Court of Thorns and Roses,11278,4.27,298023,2015
A Darker Shade of Magic,11261,4.09,128242,2015
A Wrinkle in Time,11136,4.02,830976,1962
Six of Crows,11125,4.46,177906,2015
Miss Peregrine's Home for Peculiar Children,11120,3.91,822354,2011
Shadow and Bone,11115,4.04,199935,2012
The Graveyard Book,11069,4.13,377175,2008
Uprooted,11000,4.11,115212,2015
The Titan's Curse,10960,4.34,574395,2007
Eclipse,10892,3.69,1255967,2007
Prince Caspian,10595,3.97,301442,1951
The Battle of the Labyrinth,10588,4.39,600097,2008
City of Ashes,10555,4.2,644067,2008
The Hero of Ages,10525,4.48,202150,2008
The Voyage of the Dawn Treader,10513,4.09,355272,1952
Breaking Dawn,10467,3.7,1167426,2008
Daughter of Smoke &amp; Bone,10404,4.03,266902,2011
The Tales of Beedle the Bard,10254,4.08,354423,2007
Howl's Moving Castle,10237,4.3,166280,1986
The Gunslinger,10169,3.96,443318,1982
The Last Olympian,10129,4.5,561714,2009
The Chronicles of Narnia,9977,4.25,444245,1956
City of Glass,9874,4.33,706501,2009
Brisingr,9853,4.05,253461,2008
The Great Hunt,9810,4.22,190554,1990
The Horse and His Boy,9766,3.91,233395,1954
Jonathan Strange &amp; Mr Norrell,9476,3.82,172204,2004
Crown of Midnight,9461,4.47,247095,2013
Catching Fire,9384,4.29,2154716,2009
The Magicians,9354,3.5,197185,2009
Sabriel,9276,4.17,160092,1995
Coraline,9085,4.05,401617,2002
The Dragon Reborn,9049,4.24,180513,1991
Storm Front,9004,4.02,247676,2000
Wicked: The Life and Times of the Wicked Witch of the West,9002,3.52,541594,1995
The Silver Chair,8865,3.96,205417,1953
Red Queen,8828,4.07,417942,2015
Wizard's First Rule,8725,4.14,208003,1994
Inkheart,8710,3.87,323425,2003
Clockwork Angel,8663,4.33,577234,2010
Mockingjay,8659,4.03,2032617,2010
Artemis Fowl,8590,3.84,436136,2001
The Last Battle,8509,4.03,191999,1956
The Blade Itself,8435,4.15,129617,2006
Poison Study,8225,4.15,121929,2005
The Mists of Avalon,8125,4.12,174577,1982
The Shadow Rising,8053,4.22,144352,1992
The Lost Hero,7978,4.35,540276,2010
Heir of Fire,7958,4.51,198071,2014
A Court of Mist and Fury,7942,4.69,210559,2016
Cinder,7858,4.15,560547,2012
Mort,7855,4.23,165168,1987
Elantris,7821,4.18,134401,2005
The Raven Boys,7689,4.06,204536,2012
Fantastic Beasts and Where to Find Them,7584,3.99,268000,2001
Royal Assassin,7466,4.22,125643,1996
An Ember in the Ashes,7422,4.31,133757,2015
Anansi Boys,7419,4.02,171061,2005
City of Fallen Angels,7411,4.15,416260,2011
The Fires of Heaven,7306,4.15,117035,1993
Inheritance,7233,4.1,183729,2011
The Light Fantastic,7117,3.96,101877,1986
Equal Rites,7097,4.02,118915,1987
A Discovery of Witches,7056,3.99,290381,2011
Lord of Chaos,6995,4.12,109400,1994
Fire,6935,4.12,146065,2009
Ella Enchanted,6868,3.98,363654,1997
Words of Radiance,6838,4.77,149211,2014
Guards! Guards!,6819,4.33,138476,1989
Queen of Shadows,6793,4.58,166282,2015
The Fifth Season,6711,4.32,71733,2015
Assassin's Quest,6640,4.19,97760,1997
A Crown of Swords,6586,4.03,107818,1996
Siege and Storm,6580,4.07,123332,2013
The Way of Shadows,6534,4.16,130101,2008
Crooked Kingdom,6528,4.62,105493,2016
His Majesty's Dragon,6427,4.06,64246,2006
Alanna: The First Adventure,6426,4.27,102292,1983
The Alloy of Law,6319,4.21,105579,2011
The Son of Neptune,6289,4.44,355747,2011
Seraphina,6215,3.97,68433,2012
The Path of Daggers,6201,3.91,91625,1998
City of Lost Souls,6198,4.29,365993,2012
Gardens of the Moon,6155,3.87,74824,1999
Clockwork Prince,6140,4.45,386543,2011
Pawn of Prophecy,5949,4.16,83187,1982
Winter's Heart,5927,3.94,87782,2000
Warbreaker,5909,4.25,83816,2009
A Court of Wings and Ruin,5901,4.5,148120,2017
The Sword of Shannara,5868,3.76,74913,1977
Outlander,5856,4.22,687247,1991
Red Seas Under Red Skies,5843,4.24,92436,2007
The Bear and the Nightingale,5695,4.13,61169,2017
Alice's Adventures in Wonderland &amp; Through the Looking-Glass,5689,4.07,414146,1872
Wyrd Sisters,5685,4.12,78774,1988
The Drawing of the Three,5657,4.23,185573,1987
Days of Blood &amp; Starlight,5648,4.19,119674,2012
Divergent,5605,4.21,2533783,2011
The Mark of Athena,5602,4.45,389654,2012
The Last Wish,5594,4.21,81077,1993
The Wonderful Wizard of Oz,5582,3.98,314257,1900
The Neverending Story,5579,4.18,138109,1979
The Warded Man,5571,4.27,93385,2008
Fool Moon,5570,4.03,137286,2001
A Gathering of Shadows,5562,4.31,67102,2016
The Last Unicorn,5530,4.18,86965,1968
Clockwork Princess,5514,4.59,281175,2013
The Amulet of Samarkand,5475,4.01,102584,2003
Crossroads of Twilight,5455,3.83,77015,2003
Dragonflight,5449,4.1,114356,1968
Scarlet,5437,4.29,254593,2013
The Hundred Thousand Kingdoms,5437,3.84,40328,2010
Furies of Calderon,5425,4.13,84348,2004
Ruin and Rising,5409,4.16,95475,2014
Prince of Thorns,5320,3.87,76443,2011
Carry On,5278,4.22,129393,2015
Knife of Dreams,5267,4.13,85729,2005
The Gathering Storm,5263,4.36,111749,2000
Quidditch Through the Ages,5248,3.86,119710,2001
Kushiel's Dart,5219,4.04,63018,2001
Before They Are Hanged,5175,4.28,90675,2007
The Thief,5171,3.9,54136,1996
The Golem and the Jinni,5170,4.11,83108,2013
The Tombs of Atuan,5155,4.09,75417,1970
Lirael,5136,4.3,95598,2001
Empire of Storms,5119,4.57,124838,2016
The Queen of the Tearling,5113,4.02,69320,2014
Bitterblue,5109,4.01,88494,2012
The Iron King,5084,3.91,173303,2010
The Wrath and the Dawn,5043,4.16,87507,2015
Strange the Dreamer,5039,4.36,46904,2017
City of Heavenly Fire,5031,4.47,238903,2014
The Red Pyramid,5023,4.08,274344,2010
The Slow Regard of Silent Things,5004,3.91,91606,2014
A Great and Terrible Beauty,4994,3.79,192121,2003
Children of Blood and Bone,4972,4.23,63189,2018
The Cruel Prince,4907,4.18,70299,2018
Sourcery,4897,3.89,68097,1988
Stone of Tears,4882,4.11,95876,1995
Beautiful Creatures,4880,3.76,495745,2009
Going Postal,4857,4.37,90851,2004
The Black Prism,4856,4.24,78982,2010
Dead Until Dark,4855,3.96,468277,2001
Towers of Midnight,4836,4.43,109645,2010
Reaper Man,4833,4.28,70736,1991
The House of Hades,4822,4.55,210742,2013
The Wee Free Men,4800,4.27,81151,2003
The Dream Thieves,4765,4.27,110965,2013
Grave Peril,4757,4.18,119017,2001
The Waste Lands,4752,4.24,158593,1991
Last Argument of Kings,4720,4.28,86182,2008
Abhorsen,4713,4.3,93307,2004
Cress,4700,4.45,223804,2014
Interview with the Vampire,4696,3.99,433607,1976
Hogfather,4641,4.23,66174,1996
Shiver,4631,3.77,396838,2009
Daughter of the Forest ,4628,4.28,48172,1999
Vampire Academy,4625,4.13,495510,2007
Ship of Magic,4585,4.14,50955,1998
Magician's Gambit,4578,4.14,77323,1983
In the Hand of the Goddess,4572,4.26,76220,1984
Caraval,4562,3.94,85847,2017
The Children of Húrin,4552,3.96,55290,2007
The Magicians' Guild,4545,3.96,61687,2001
The Young Elites,4534,3.91,88605,2014
Queen of Sorcery,4530,4.14,57725,1982
Dealing with Dragons,4519,4.15,76304,1990
Men at Arms,4458,4.38,71383,1993
The Once and Future King,4454,4.08,88099,1958
Pyramids,4419,3.9,59074,1989
Magic Study,4416,4.06,62641,2006
The Farthest Shore,4390,4.13,82634,1972
The Little Prince,4390,4.3,1055048,1943
Wizard and Glass,4354,4.25,141083,1997
Castle of Wizardry,4354,4.17,61940,1984
Enchanters' End Game,4353,4.18,79173,1984
Fool's Errand,4342,4.31,64700,2001
Dragons of Autumn Twilight ,4338,3.99,99213,1984
Dreams of Gods &amp; Monsters,4326,4.22,69887,2014
Norse Mythology,4324,4.1,127995,2017
Every Heart a Doorway,4314,3.86,37794,2016
The Republic of Thieves,4312,4.24,67558,2013
Witches Abroad,4306,4.22,62779,1991
Watership Down,4305,4.07,334404,1972
The Winner's Curse,4297,4.01,78698,2014
A Memory of Light,4283,4.51,91892,2013
A Conjuring of Light,4271,4.39,50400,2017
Summer Knight,4245,4.3,109791,2002
The Book of Three,4237,4.0,64217,1964
Magician: Apprentice,4192,4.18,71881,1982
Feet of Clay,4160,4.28,60013,1996
The Dragonbone Chair,4154,3.96,54786,1988
Winter,4146,4.48,147060,2015
The Ocean at the End of the Lane,4119,3.99,400874,2013
Redwall,4101,4.12,92551,1986
"Blue Lily, Lily Blue",4090,4.31,84786,2014
The Woman Who Rides Like a Man,4053,4.21,62342,1986
Peter Pan,4052,4.09,227214,1904
The Alchemyst,4028,3.84,124709,2007
Lioness Rampant,4020,4.29,73060,1988
Tigana,4012,4.12,36613,1990
The Blood of Olympus,4012,4.42,156198,2014
Inkspell,4007,3.92,96453,2005
The Assassin's Blade,4001,4.46,92576,2014
The Blue Sword,3993,4.24,50360,1982
The Demon King,3990,4.19,56732,2009
Finnikin of the Rock,3982,3.93,36139,2008
Soul Music,3981,4.03,57125,1994
The Arctic Incident,3979,3.95,122448,2002
Wild Magic,3947,4.33,63145,1992
Steelheart,3924,4.16,121543,2013
Grave Mercy,3913,3.91,84132,2012
Shadow's Edge,3885,4.27,79860,2008
"Hush, Hush",3872,3.99,507921,2009
The Hitchhiker's Guide to the Galaxy,3869,4.22,1185656,1979
Hollow City,3867,4.07,161107,2014
A Monster Calls,3867,4.37,166982,2011
The Eyre Affair,3862,3.91,102977,2001
Blood Song,3853,4.46,60191,2011
Falling Kingdoms,3852,3.81,45098,2012
Dracula,3850,3.99,789749,1897
Cruel Beauty,3845,3.72,59198,2014
Moving Pictures,3837,3.93,56961,1990
The Magician King,3833,3.92,74925,2011
Soulless,3822,3.91,85744,2009
The Kiss of Deception,3811,4.04,66658,2014
Heartless,3802,4.06,61988,2016
Eric,3797,3.74,50476,1990
Lords and Ladies,3791,4.17,58476,1992
Death Masks,3789,4.32,101149,2003
Temple of the Winds,3781,4.03,68788,1998
Golden Fool,3775,4.33,56008,2002
The Elfstones of Shannara ,3773,3.97,59705,1982
Homeland,3772,4.27,62919,1990
The Scorpio Races,3772,4.09,84152,2011
Shadows of Self,3769,4.31,57624,2015
Wolves of the Calla,3768,4.18,134588,2003
Thud!,3741,4.31,55269,2006
Angelfall,3735,4.17,144472,2011
The Host,3729,3.84,817175,2008
Glass Sword,3725,3.92,135849,2016
His Dark Materials,3724,4.26,110368,2000
New Spring,3712,4.04,68054,2004
The Fifth Elephant,3698,4.26,52919,1999
Thief of Time,3698,4.26,53088,2001
The Ruins of Gorlan,3695,4.22,104353,2004
Half a King,3680,3.98,39411,2014
Theft of Swords,3668,4.22,44677,2011
Fablehaven,3657,4.09,115500,2006
Oathbringer,3638,4.64,68627,2017
Eon: Dragoneye Reborn,3631,3.98,50625,2008
The Emperor's Soul,3628,4.35,49790,2012
Beyond the Shadows,3602,4.29,77446,2008
Rivers of London,3585,3.92,63728,2011
Spinning Silver,3583,4.31,25593,2018
The Raven King,3576,4.31,69228,2016
Magyk,3562,3.81,98876,2005
Monstrous Regiment,3561,4.2,53302,2003
Preludes &amp; Nocturnes,3561,4.26,171941,1989
Song of Susannah,3560,3.99,112250,2004
Snow Like Ashes,3536,3.95,50069,2014
The Girl Who Circumnavigated Fairyland in a Ship of Her Own Making,3534,3.97,31958,2011
Blood Rites,3530,4.33,95892,2004
The Dark Tower,3530,4.28,123421,2004
Fire Study,3525,3.94,49226,2008
The Goose Girl,3523,4.18,102489,2003
The Giver,3493,4.12,1487206,1993
The Eternity Code,3490,4.04,109216,2003
Fallen,3484,3.74,440972,2009
A Torch Against the Night,3467,4.34,60824,2016
A Hat Full of Sky,3454,4.3,54850,2004
The Mad Ship,3453,4.23,40890,1999
Dead Beat,3450,4.44,93298,2005
Maskerade,3439,4.08,44834,1995
The Truth,3435,4.27,47755,2000
Making Money,3434,4.25,50678,2007
Insurgent,3431,4.05,1026979,2012
Carpe Jugulum,3428,4.14,46199,1998
The Curse of Chalion,3399,4.16,27512,2000
The Sword of Summer,3394,4.26,117851,2015
Shadow of Night,3382,4.06,132111,2012
Circe,3379,4.34,74659,2018
Three Dark Crowns,3375,3.88,48544,2016
Ship of Destiny,3371,4.22,48581,2000
Rebel of the Sands,3369,3.98,36550,2016
The Rithmatist,3335,4.25,42932,2013
Academ's Fury,3328,4.28,54621,2005
Silverthorn,3328,4.07,50546,1985
Soul of the Fire,3322,3.87,55352,1999
Vicious,3317,4.28,53840,2013
Truthwitch,3294,3.91,29439,2016
The Book of Lost Things,3291,3.99,56396,2006
Wicked Lovely,3269,3.69,141019,2007
Guardians of the West,3267,4.1,43474,1985
Proven Guilty,3250,4.42,89597,2006
Throne of Jade,3245,3.9,30741,2006
The Time Traveler's Wife,3244,3.96,1422772,2003
Faith of the Fallen,3241,4.12,60184,2001
The Eyes of the Dragon,3230,3.93,90557,1987
Living Dead in Dallas,3229,3.98,218527,2002
White Night,3226,4.41,90767,2007
Wintersmith,3223,4.24,45516,2006
The Phantom Tollbooth,3194,4.21,210928,1961
The Novice,3191,4.08,43086,2002
Hounded,3187,4.12,66181,2011
First Test,3184,4.25,46802,1999
The Golem's Eye,3179,4.1,78675,2004
Perdido Street Station,3176,3.97,51550,2000
Darkfever,3163,4.12,137405,2006
Charlie and the Chocolate Factory,3156,4.12,561936,1964
The Bands of Mourning,3149,4.45,49540,2016
Dune,3145,4.21,598263,1965
Nimona,3142,4.18,74702,2015
"Saga, Vol. 1",3141,4.22,190472,2012
The Opal Deception ,3134,4.05,114390,2005
Moon Called,3129,4.18,151736,2006
The Last Continent,3123,4.0,42580,1998
The Throne of Fire,3098,4.21,137293,2011
Trickster's Choice,3090,4.28,53222,2003
This Savage Song,3086,4.12,43902,2016
The High Lord,3079,4.16,43192,2002
A Darkness At Sethanon,3074,4.19,52972,1986
Nine Princes in Amber,3061,4.1,44750,1970
Snuff,3056,4.17,41445,2011
The Obelisk Gate,3054,4.35,43385,2016
Dragons of Winter Night,3052,4.14,39246,1985
The Wishsong of Shannara,3036,3.98,43935,1985
King of the Murgos,3035,4.11,46739,1988
Unseen Academicals,3029,3.99,40328,2009
Tower of Dawn,3020,4.43,70304,2017
Daughter of the Blood,3020,4.11,30927,1998
Harry Potter Series Box Set,2999,4.74,224267,2015
Wolf-Speaker,2997,4.22,44651,1993
The Desert Spear,2995,4.23,67710,2010
Turn Coat,2994,4.45,77740,2009
Frostbite,2991,4.29,284448,2008
Promise of Blood,2981,4.16,32188,2013
Magic Bites,2981,4.07,87822,2007
The False Prince,2972,4.23,61834,2012
Dragons of Spring Dawning,2967,4.13,46803,1985
City of Stairs,2967,4.13,19720,2014
Belgarath the Sorcerer,2959,4.08,65420,1995
Emperor Mage,2958,4.31,50699,1994
A Storm of Swords: Blood and Gold,2945,4.56,70883,2000
Terrier,2943,4.16,55145,2006
A Natural History of Dragons,2943,3.83,17613,2013
Smoke and Mirrors: Short Fiction and Illusions,2936,4.04,56919,1998
Club Dead,2934,4.03,204626,2003
The Pillars of Creation,2933,3.68,49218,2002
The Black Cauldron,2932,4.14,53568,1965
Best Served Cold,2931,4.18,51115,2009
Sorceress of Darshiva,2930,4.1,38852,1989
Fragile Things: Short Fictions and Wonders,2919,4.01,51037,2006
Blood of Elves,2914,4.22,44131,1994
Demon Lord of Karanda,2908,4.06,34984,1988
Captain's Fury,2907,4.38,52597,2007
The Goblin Emperor,2905,4.04,18030,2014
Marked,2901,3.8,396660,2007
The Seeress of Kell,2896,4.13,37705,1991
Green Rider,2896,4.1,28324,1998
The Invisible Library,2892,3.73,27349,2015
Ready Player One,2883,4.28,679634,2011
Lord Foul's Bane,2882,3.73,38783,1977
Inkdeath,2875,3.94,63696,2007
Deadhouse Gates,2866,4.25,47670,2000
A Storm of Swords: Steel and Snow,2862,4.49,59279,2000
"Over Sea, Under Stone",2855,3.86,40891,1965
Dragonsong,2852,4.25,42946,1976
Dead to the World,2843,4.14,228177,2004
Magician: Master,2842,4.26,59158,1982
I Shall Wear Midnight,2833,4.36,39884,2010
The Black Company,2831,3.96,33866,1984
A Wind in the Door,2812,4.04,104515,1973
The Dragon Keeper,2811,3.95,28121,2009
Alice in Wonderland,2807,4.03,355546,1865
Exile,2806,4.24,46516,1990
Rubinrot,2795,4.12,93607,2009
Princess Academy,2786,4.02,92782,2005
Tehanu,2775,3.93,27680,1990
Arrows of the Queen,2774,4.16,30156,1987
Castle in the Air,2772,3.93,31381,1990
Ghost Story,2767,4.25,74606,2011
The Darkest Part of the Forest,2764,3.91,35887,2015
The Alchemist,2764,3.85,1688477,1988
A Court of Frost and Starlight,2744,3.91,68803,2018
Shadow Kiss,2738,4.37,304944,2008
Magician,2734,4.33,53565,1982
The Magician's Land,2726,4.16,54221,2014
Trickster's Queen,2725,4.29,50784,2004
The Lost Colony,2723,4.0,139900,2006
The Diviners,2720,3.97,58620,2012
A Spell for Chameleon,2702,3.94,36551,1977
The Paper Magician,2701,3.64,54672,2014
Fantastic Beasts and Where to Find Them: The Original Screenplay,2696,4.3,89648,2016
Squire,2682,4.29,43579,2001
Naked Empire,2675,3.82,45187,2004
The Queen of Attolia,2670,4.22,30472,2000
Tithe: A Modern Faerie Tale,2642,3.73,65065,2002
The Bone Season,2641,3.76,47956,2013
Cold Days,2640,4.51,74323,2012
Lady Knight,2632,4.31,43504,2002
Page,2631,4.24,39853,2000
Alice's Adventures in Wonderland,2626,4.0,149209,1865
The Iron Daughter,2626,4.12,104953,2010
Sojourn,2622,4.23,50187,1991
Kushiel's Chosen,2619,4.31,32537,2002
The Emperor's Blades,2610,4.14,28996,2014
The Book of Life,2607,4.18,96410,2014
Rebel Angels,2607,3.94,98668,2005
Ender's Game,2588,4.3,983536,1985
Unfinished Tales of Númenor and Middle-Earth,2587,3.95,26028,1980
The Hidden Oracle,2587,4.28,76231,2016
Dead as a Doornail,2583,4.01,185289,2005
Interesting Times,2581,4.18,36863,1994
The Crystal Shard,2564,4.13,39950,1988
Sandry's Book,2557,4.01,35024,1997
A Knight of the Seven Kingdoms,2551,4.21,44883,2013
La Belle Sauvage,2545,4.19,44363,2017
Blood Promise,2544,4.35,257458,2009
Dragonquest,2544,4.1,37631,1971
Animal Farm,2542,3.91,2277793,1945
Black Powder War,2541,3.9,24469,2006
Captive Prince,2539,3.93,38665,2013
Stone of Farewell,2526,4.1,38324,1990
The Amazing Maurice and His Educated Rodents,2524,4.05,32986,2001
Chainfire,2509,3.96,43854,2005
Tuck Everlasting,2508,3.87,199611,1975
The Serpent's Shadow,2494,4.29,102245,2012
Gregor the Overlander,2492,4.01,80812,2003
Definitely Dead,2484,4.02,178792,2006
Red Sister,2483,4.28,20356,2017
Fairest,2483,4.02,81569,2015
Hex Hall,2480,3.96,121105,2010
Library of Souls,2473,4.15,93534,2016
Miecz przeznaczenia,2460,4.39,39205,1993
Kingdom of Ash,2458,4.65,50956,2018
Beastly,2452,3.84,163456,2007
Luck in the Shadows,2451,4.08,16663,1996
The Blinding Knife,2448,4.45,57710,2012
King of Thorns,2421,4.2,47312,2012
Magic Kingdom For Sale/Sold,2420,3.88,32111,1986
The White Dragon,2417,4.18,38699,1978
The Winner's Crime,2415,4.15,46474,2015
The Invasion of the Tearling,2412,4.13,39161,2015
Allegiant,2406,3.63,728132,2013
The High King,2405,4.24,48324,1968
Nevernight,2399,4.3,20091,2016
Written in Red,2398,4.28,42009,2013
Dragonfly in Amber,2386,4.32,244726,1992
Phantom,2385,3.99,40527,2006
All Together Dead,2385,4.05,179159,2007
The Looking Glass Wars,2374,3.93,39975,2004
The Rook,2372,4.12,39463,2012
Wildwood Dancing,2367,4.09,24993,2007
Flame in the Mist,2363,3.93,24410,2017
Fairest,2354,3.87,55365,2006
The BFG,2350,4.22,306361,1982
The Stone Sky,2349,4.38,31640,2017
The City of Brass,2348,4.18,15964,2017
The Star-Touched Queen,2347,3.57,18351,2016
A Swiftly Tilting Planet,2346,4.12,94100,1978
The Crystal Cave,2344,4.13,39167,1970
James and the Giant Peach,2338,4.0,325867,1961
Spirit Bound,2333,4.36,245417,2010
Dragonsinger,2332,4.28,37564,1977
The Two Princesses of Bamarre,2332,4.03,64051,2001
Memories of Ice,2332,4.4,38872,2001
Matilda,2331,4.3,508314,1988
Confessor,2318,4.08,43276,2007
The Iron Trial,2315,3.95,52013,2014
Kushiel's Avatar,2311,4.37,30755,2003
The Time Paradox,2306,4.07,70411,2008
Trigger Warning: Short Fictions and Disturbances,2303,3.92,43731,2015
Red Rising,2293,4.27,179427,2014
The Castle of Llyr,2287,4.08,30840,1966
Last Sacrifice,2283,4.4,241122,2010
Life of Pi,2281,3.89,1168501,2001
From Dead to Worse,2276,4.01,167174,2008
The Warrior Heir,2275,3.94,45197,2006
To Kill a Kingdom,2274,4.0,22246,2018
The Sweet Far Thing,2268,3.98,60712,2007
Polgara the Sorceress,2258,4.08,25582,1997
Dead and Gone,2252,4.01,162645,2009
The Hazel Wood,2250,3.61,29381,2018
The Maze Runner,2248,4.03,872961,2009
The School for Good and Evil,2248,4.01,49732,2013
Magic's Pawn,2238,4.22,22260,1989
Splintered,2232,3.95,46280,2013
The Girl Who Drank the Moon,2225,4.19,29152,2016
Time of the Twins,2221,4.14,29904,1986
The Vampire Lestat,2219,4.06,161139,1985
All the Birds in the Sky,2208,3.58,28963,2016
The Heroes,2208,4.28,34887,2011
Taran Wanderer,2199,4.14,33937,1967
Skin Game,2197,4.56,60506,2014
Among Others,2196,3.69,19763,2011
The Doll's House,2195,4.44,68959,1990
Linger,2188,3.91,139987,2010
The Field Guide,2186,3.89,70598,2003
I Am Number Four,2185,3.94,290925,2010
The Aeronaut's Windlass,2182,4.18,32023,2015
The Iron Queen,2178,4.24,89271,2011
The Short Second Life of Bree Tanner,2175,3.5,167490,2009
King's Cage,2174,4.02,81556,2017
The Language of Thorns: Midnight Tales and Dangerous Magic,2174,4.45,20196,2017
The Library at Mount Char,2173,4.08,23257,2015
The Broken Kingdoms,2173,4.06,17886,2010
The Burning Bridge,2171,4.3,92113,2005
The Exiled Queen,2167,4.34,40109,2010
Son of the Shadows,2164,4.32,25704,2000
The Daylight War,2159,4.22,47257,2013
The Ruby Knight,2157,3.97,27890,1990
Evermore,2150,3.59,246791,2009
The King of Attolia,2137,4.37,28869,2006
"Saga, Vol. 2",2136,4.55,73310,2013
House of Many Ways,2136,4.04,23354,2008
The Tale of Despereaux,2129,4.02,140431,2003
The Last Hero,2128,4.17,28093,2001
Streams of Silver,2117,4.15,32119,1989
The Sapphire Rose,2117,4.0,26211,1991
The Crown of Embers,2116,4.18,40766,2012
Raising Steam,2115,3.96,27334,2013
The Poppy War,2113,4.05,11801,2018
The Selection,2110,4.14,691213,2012
Mossflower,2098,4.1,60704,1988
Empire of Ivory,2096,3.95,20255,2007
The Witches,2096,4.17,266230,1983
The Sleeper and the Spindle,2090,3.9,31333,2014
Calling on Dragons,2090,4.19,38641,1993
Night Watch,2081,3.98,36908,1998
Shatter Me,2080,3.99,235207,2011
The Killing Moon,2078,3.88,9946,2012
On a Pale Horse,2077,4.14,32809,1983
Czas pogardy,2065,4.29,33384,1995
Dragon Haven,2065,4.08,23196,2010
Prince of Fools,2064,4.07,21600,2014
Something Wicked This Way Comes,2063,3.95,82893,1962
The Girl in the Tower,2060,4.42,22320,2017
The Stand,2058,4.34,532222,1978
The Halfling's Gem,2058,4.16,33106,1990
Bloodhound,2049,4.26,33100,2009
Son of a Witch,2041,3.46,55574,2004
Blood Bound,2040,4.31,99919,2007
Stolen Songbird,2037,3.95,20269,2014
Rise of Empire,2036,4.36,35256,2010
Ink and Bone,2035,3.96,17442,2015
J.R.R. Tolkien 4-Book Boxed Set: The Hobbit and The Lord of the Rings,2034,4.59,100508,1955
Wintersong,2019,3.59,21060,2017
War of the Twins,2019,4.13,25584,1986
Age of Myth,2019,4.24,18310,2016
Dead in the Family,2017,3.89,143701,2010
Firefight,2009,4.29,64924,2015
Book of a Thousand Days,2008,3.96,44621,2007
The Winner's Kiss,2004,4.26,34434,2016
Test of the Twins,2003,4.17,25016,1986
Dragon Rider,2003,3.96,73360,1997
The Scions of Shannara,2000,3.99,28174,1990
The Magician,1999,4.09,82093,2008
Talking to Dragons,1994,4.2,31031,1985
Half Bad,1990,3.8,37718,2014
Elric of Melniboné,1990,3.89,20943,1972
House of Chains,1989,4.33,32193,2004
Paladin of Souls,1989,4.14,19482,2003
Charmed Life,1985,3.96,27021,1977
Obsidian,1973,4.21,196513,2011
Seventh Son,1973,3.86,31425,1987
Crescendo,1968,4.06,249299,2010
Bloodfever,1967,4.29,85780,2007
World After,1964,4.2,78861,2013
Tris's Book,1964,4.08,28059,1998
Changeless,1958,4.0,36704,2010
Dead Witch Walking,1954,4.04,102851,2004
Ash,1951,3.62,28243,2009
The Lions of Al-Rassan,1950,4.28,17137,1995
Revenge of the Witch,1949,3.98,37770,2004
Deathless,1948,4.03,13632,2011
Iron Kissed,1938,4.36,96360,2008
Eona: The Last Dragoneye,1937,4.11,34096,2011
The Wind Through the Keyhole,1934,4.15,56429,2012
Cursor's Fury,1931,4.37,52364,2006
Dragon Wing,1926,3.95,23949,1990
The Dragon's Path,1926,3.78,17257,2011
"Monstress, Vol. 1: Awakening",1920,3.94,31535,2016
The Crown Tower,1920,4.32,25070,2013
Legend,1918,4.26,24003,1984
The Bad Beginning,1918,3.92,336784,1999
Down Among the Sticks and Bones,1917,4.19,16352,2017
Dream Country,1915,4.24,85984,1991
The Summoning,1912,4.03,144871,2008
The Song of Achilles,1912,4.31,104135,2011
Across the Nightingale Floor,1912,4.06,32043,2002
"Fables, Vol. 1: Legends in Exile",1911,3.97,117857,2003
Heir to the Shadows,1908,4.33,22350,1999
The Buried Giant,1907,3.47,54940,2015
Moon Over Soho,1896,4.1,35406,2011
Beautiful Darkness,1892,3.84,113359,2010
Daja's Book,1892,4.08,25882,1998
Incarceron,1891,3.64,54194,2007
Clariel,1890,3.81,17799,2014
Arrow's Flight,1890,4.14,19272,1987
Lord of Shadows,1880,4.53,60350,2017
Storm Glass,1877,3.95,21839,2009
Flyte,1876,4.0,64689,2006
The Druid of Shannara,1875,4.01,28344,1991
Through the Looking-Glass and What Alice Found There,1873,4.04,83930,1871
Betrayed,1870,3.93,219989,2007
Frankenstein,1868,3.77,993349,1818
Lost in a Good Book,1868,4.14,45564,2002
Odd and the Frost Giants,1867,3.97,24265,2008
Briar's Book,1858,4.16,26616,1999
Gulliver's Travels,1849,3.56,206117,1726
Shaman's Crossing,1848,3.44,18679,2005
Midnight Tides,1846,4.36,27382,2004
The Picture of Dorian Gray,1845,4.07,792879,1890
Radiance,1844,4.12,22306,2014
Arrow's Fall,1844,4.19,19345,1988
Voyager,1840,4.39,219488,1993
Captive Prince: Volume Two,1837,4.46,29955,2013
Rise of the Evening Star,1835,4.14,106213,2007
Traitor's Blade,1832,4.07,13358,2014
Unearthly,1832,4.04,114041,2011
Hexed,1829,4.22,50704,2011
The Thief Lord,1828,3.96,72789,2000
Heir of Novron,1828,4.47,34505,2012
White Cat,1827,3.81,35859,2010
My Lady Jane,1826,4.11,28205,2016
Queen of the Darkness,1817,4.37,23344,2000
First King of Shannara,1814,3.95,26511,1996
"Saga, Vol. 3",1811,4.54,63728,2014
Spindle's End,1809,3.8,20724,2000
The Heart of Betrayal,1807,4.29,37101,2015
Magic's Promise,1801,4.21,18145,1990
The Icebound Land,1800,4.23,59318,2005
The Naming,1797,4.0,22733,2002
The Bird and the Sword,1793,4.25,21811,2016
The Iron Knight,1793,4.22,73315,2011
The Darkness That Comes Before,1791,3.78,16286,2003
The Elf Queen of Shannara,1791,4.03,27958,1992
Hunted,1790,3.92,18070,2017
Red Country,1789,4.29,28394,2012
The Talismans of Shannara,1774,4.02,36037,1993
The Broken Eye,1774,4.47,38409,2014
Shadow Scale,1772,3.74,14672,2015
Entwined,1770,3.87,32054,2011
Half the World,1769,4.2,23966,2015
Crimson Bound,1767,3.66,16779,2015
Shades of Milk and Honey,1766,3.49,12773,2010
Victory of Eagles,1766,4.03,16733,2008
The Crimson Crown,1764,4.47,33977,2012
The Atlantis Complex,1763,3.97,47082,2010
Magic Burns,1762,4.33,64140,2008
Chrzest ognia,1761,4.35,27900,1992
The World of Ice &amp; Fire: The Untold History of Westeros and the Game of Thrones,1759,4.27,20180,2014
Confessions of an Ugly Stepsister,1759,3.52,54589,1999
Shadowfever,1751,4.42,90598,2011
Deerskin,1750,3.89,19014,1993
Season of Mists,1747,4.54,54996,1990
The Historian,1745,3.78,223693,2005
The Hobbit: Graphic Novel,1745,4.48,158176,1989
Sorcery &amp; Cecelia: or The Enchanted Chocolate Pot,1745,4.01,17039,1988
Magic's Price,1744,4.27,18733,1990
The Source of Magic,1744,3.87,22083,1979
Saphirblau,1741,4.18,62067,2010
Dark Triumph,1739,4.14,34492,2013
Dark Lover,1734,4.21,260334,2005
The Archived,1730,4.01,21010,2013
Dead Reckoning,1730,3.78,111019,2011
"Rat Queens, Vol. 1: Sass &amp; Sorcery",1728,4.09,35061,2014
The Queen of the Damned,1727,3.88,124940,1988
The Hammer of Thor,1725,4.36,48298,2016
The Knife of Never Letting Go,1725,3.97,130082,2008
Silver on the Tree,1724,4.16,29122,1977
And I Darken,1723,3.89,29966,2016
Servant of the Empire,1723,4.29,23775,1990
Bone Crossed,1722,4.34,86486,2009
Enchantment,1722,3.9,24395,1999
The Complete Grimm's Fairy Tales,1721,4.31,133739,1812
The Last Dragonslayer,1720,3.87,17751,2010
Leviathan,1715,3.91,79405,2009
Enna Burning,1714,3.97,35796,2004
Dreamfever,1712,4.42,83021,2009
The Battle for Skandia,1710,4.33,73108,2006
Guilty Pleasures,1707,4.02,123726,1993
To Green Angel Tower,1702,4.17,28578,1993
Skulduggery Pleasant,1702,4.21,44723,2007
Mister Monday,1699,3.78,32922,2003
Throne of the Crescent Moon,1697,3.64,9596,2012
Domes of Fire,1697,4.0,24999,1992
The Fairy Godmother,1697,3.97,16379,2004
Tower Lord,1695,4.18,34736,2014
The Sorceress,1693,4.1,71264,2009
An Enchantment of Ravens,1688,3.65,16246,2017
Chosen,1686,3.92,211541,2008
The Other Wind,1683,4.09,15856,2001
East,1681,4.15,35019,2003
Bloodlines,1678,4.21,155611,2011
Kushiel's Scion,1677,4.19,18990,2006
Forever,1673,3.91,97321,2011
The City of Ember,1673,3.86,221002,2003
Torment,1669,3.88,193938,2010
The Demigod Files,1669,4.04,67640,2009
Mastiff,1667,4.25,23613,2011
Blameless,1658,4.01,32092,2010
The Rest of Us Just Live Here,1654,3.73,40242,2015
The Burning Sky,1654,3.91,16046,2013
Rebel Spring,1652,4.13,25965,2013
Switched,1649,3.88,84602,2010
The Power That Preserves,1642,4.0,21597,1977
Debt of Bones,1639,3.86,26547,1998
The Angel Experiment,1638,4.08,194204,2005
Wings,1634,3.75,68835,2009
Where the Wild Things Are,1633,4.22,716452,1963
Heart's Blood,1629,4.09,12755,2009
So You Want to Be a Wizard,1625,3.82,24307,1983
Tales from Earthsea,1625,4.02,15719,2001
Kings Rising,1623,4.48,25371,2016
Cry Wolf,1622,4.12,77882,2008
Side Jobs: Stories from the Dresden Files,1620,4.25,42361,2010
Halfway to the Grave,1617,4.18,123395,2007
Everless,1616,3.87,17981,2018
Titus Groan,1616,3.91,13545,1946
The Bone Clocks,1612,3.83,74669,2014
Akata Witch,1611,4.09,12100,2011
The Wandering Fire,1610,4.11,14260,1986
The Shining Ones,1610,3.96,21491,1993
Fool's Quest ,1609,4.51,24094,2015
Many Waters,1609,3.99,39605,1986
Cast in Shadow,1608,3.79,15124,2005
Shadow of a Dark Queen,1606,4.03,24086,1994
How to Train Your Dragon,1604,3.87,30677,2003
The Darkest Minds,1603,4.21,120402,2012
The Unbecoming of Mara Dyer,1603,4.07,140589,2011
The Talisman,1600,4.13,96719,1984
Princess of the Midnight Ball,1600,3.92,30063,2009
A Promise of Fire,1597,4.11,15002,2016
Castle Roogna,1594,3.88,22625,1979
The Steel Remains,1593,3.73,13320,2008
Silver Borne,1590,4.38,85293,2010
Grip of the Shadow Plague,1590,4.27,72416,2008
Rose Daughter,1581,3.77,17682,1997
Passenger,1577,3.81,31392,2016
Ink Exchange,1577,3.69,53295,2008
The Fate of the Tearling,1575,3.77,25491,2016
The Hidden City,1572,3.99,21121,1994
The City &amp; the City,1570,3.91,44088,2009
Whispers Under Ground,1569,4.16,32299,2012
Reaper's Gale,1569,4.36,22830,2007
A Midsummer Night's Dream,1567,3.94,398602,1595
Bitten,1567,4.05,83614,2001
The Bane Chronicles,1565,4.18,54830,2014
The Grace of Kings,1562,3.74,9674,2015
Tiger Lily,1561,3.98,21862,2012
Smaragdgrün,1559,4.2,55301,2010
The Bone Doll's Twin,1557,4.05,11032,2001
First Rider's Call,1554,4.21,19162,2003
The Kingdom of Gods,1551,3.94,12532,2011
Froi of the Exiles,1548,4.29,15600,2011
Magic Steps,1548,4.0,20323,2000
Air Awakens,1546,4.01,17056,2015
A Game of You,1546,4.43,46098,1993
The Scar,1544,4.16,26007,2002
Silence,1543,4.14,225175,2011
The Well of Lost Plots,1536,4.1,34223,2004
Stalking Darkness,1536,4.24,12156,1997
Untamed,1535,3.95,203787,2008
The Odyssey,1532,3.75,781383,-720
Wieża Jaskółki,1529,4.33,24060,1997
Blood of Dragons,1527,4.14,18936,2013
The Guns of Avalon,1527,4.15,18540,1972
Muse of Nightmares,1524,4.53,13313,2018
Swordspoint,1517,3.78,8254,1987
Moreta: Dragonlady of Pern,1516,3.98,24522,1983
The Forgotten Beasts of Eld,1514,4.08,11707,1974
Martin the Warrior,1513,4.14,38116,1993
Stars Above,1512,4.24,47293,2014
The Crown Conspiracy,1512,4.18,16301,2008
Prince of the Blood,1512,3.97,20542,1989
The Midnight Star,1511,4.13,24208,2016
Physik,1509,4.0,47223,2007
Dreamer's Pool,1508,3.95,9511,2014
Magic Bleeds,1507,4.46,62452,2010
"Saga, Vol. 4",1505,4.46,51415,2014
The Coldest Girl in Coldtown,1504,3.85,47338,2013
The Darkest Road,1504,4.19,14458,1986
Mrs. Frisby and the Rats of NIMH,1503,4.14,154427,1971
Stormdancer,1500,3.8,11743,2012
Black Sun Rising,1499,3.93,16534,1991
Hammered,1497,4.21,43565,2011
The Wishing Spell,1494,4.22,76971,2012
Midnight Sun,1493,4.03,140963,2008
Wonder Woman: Warbringer,1489,4.07,23274,2017
Murder of Crows,1489,4.3,30520,2014
The Sorcerer in the North,1485,4.26,52410,2006
Bridge to Terabithia,1484,3.99,388895,1977
Every Day,1482,3.96,171323,2012
Daggerspell,1478,3.9,13363,1986
Rosemary and Rue,1477,3.75,27234,2009
Rise of a Merchant Prince,1477,4.05,24323,1995
The Ladies of Grace Adieu and Other Stories,1476,3.86,15465,2006
Toll the Hounds,1475,4.34,22194,2008
Kings of the Wyld,1474,4.36,12219,2017
The Princess and the Goblin ,1474,4.01,26105,1872
The Necromancer ,1474,4.13,54717,2010
Rhapsody: Child of Blood,1472,3.95,17933,1999
Uglies,1470,3.86,507688,2005
The Traitor Baru Cormorant,1469,4.07,8872,2015
Abarat,1469,4.09,24024,2002
The Legacy,1465,4.18,25505,1992
Calamity,1463,4.2,47025,2016
Kushiel's Justice,1462,4.25,16840,2007
Magonia,1460,3.57,15826,2015
Cloud Atlas,1458,4.02,189968,2004
The Great Book of Amber,1456,4.3,22907,1999
Lord of the Fading Lands,1456,4.02,15533,2007
Tiger's Curse,1455,4.07,53880,2011
Paranormalcy,1455,3.91,86584,2010
Kraken,1452,3.6,21363,2010
River Marked,1448,4.27,68824,2011
The Strange and Beautiful Sorrows of Ava Lavender,1447,4.12,27379,2014
The Crown's Game,1444,3.85,15216,2016
Beneath the Sugar Sky,1442,4.06,11443,2018
Winds of Fate,1441,4.03,14888,1992
Drums of Autumn,1439,4.35,172908,1996
The Magic of Recluce,1433,3.85,21173,1991
Fables &amp; Reflections,1433,4.45,43582,1990
Secrets of the Dragon Sanctuary,1432,4.37,66738,2009
1Q84,1431,3.91,164514,2009
"Fortunately, the Milk",1426,4.05,41855,2013
Chalice,1426,3.79,12862,2008
Talon,1425,3.76,21829,2014
The Seeing Stone,1424,3.88,33046,2003
The King's Buccaneer,1422,4.0,19686,1992
Street Magic,1420,4.14,21542,2001
The Shepherd's Crown,1418,4.35,18812,2015
Forest Mage,1417,3.38,14921,2006
Lady of Avalon,1414,3.94,19059,1982
The Innocent Mage,1413,3.65,17731,2005
Demonglass,1413,4.12,83371,2011
Nation,1413,4.06,28946,2008
Heartless,1411,4.07,27456,2011
Tongues of Serpents,1410,3.7,13338,2010
A Reaper at the Gates,1407,4.27,19020,2018
On the Edge,1406,4.03,32686,2009
End of Days,1406,4.1,47316,2015
The Queen of Blood ,1404,3.89,6309,2016
Firelight,1404,3.87,56957,2010
A Christmas Carol,1398,4.04,520102,1843
Legend,1398,4.18,363289,2011
Mariel of Redwall,1396,3.97,24109,1991
Small Favor,1394,4.44,84544,2008
Rogues,1392,3.85,15972,2014
Furyborn,1392,3.86,8628,2018
Starless Night,1387,4.13,22283,1992
The Siege of Macindaw,1385,4.34,47042,2006
The Will of the Empress,1384,4.17,18935,2005
Hunted,1381,3.93,153109,2009
Deadlocked,1381,3.67,87269,2012
The Wind in the Willows,1375,3.98,158597,1908
The Magician's Apprentice,1373,3.95,20615,2009
The Redemption of Althalus,1373,3.82,13907,2000
Un Lun Dun,1372,3.81,16557,2007
Abraham Lincoln: Vampire Hunter,1372,3.7,123441,2010
A Song for Arbonne,1370,4.2,11635,1992
Centaur Aisle,1370,3.78,17449,1981
Charlotte's Web,1369,4.16,1221529,1952
Magic Slays,1369,4.43,55800,2011
The Bloody Chamber and Other Stories,1368,4.0,31506,1979
The Wounded Land,1368,3.98,17480,1979
Beowulf,1365,3.43,202364,975
Unspoken,1365,3.84,26245,2012
Rage of a Demon King,1365,4.04,22681,1997
A Thousand Nights,1364,3.65,11211,2015
The Skull Throne,1362,4.14,26638,2015
Half-Blood,1360,4.15,71394,2011
Pride and Prejudice and Zombies,1357,3.29,119027,2009
The Forest House,1357,3.85,16379,1993
The Novice,1356,4.13,18789,2015
Keys to the Demon Prison,1355,4.43,65863,2010
Crown Duel,1354,4.19,21392,1997
Broken Homes,1353,4.17,26563,2013
Dust of Dreams,1352,4.31,19969,2009
Scent of Magic,1351,4.13,20766,2012
Brief Lives,1349,4.54,44614,1994
The Shadow of the Torturer,1348,3.8,18590,1980
The Red Knight,1347,4.11,12758,2012
Siege of Darkness,1341,4.16,21293,1993
The Crimson Campaign,1341,4.36,22918,2014
Bearing an Hourglass,1341,3.95,20492,1984
Sailing to Sarantium,1340,4.15,11461,1998
Beautiful Chaos,1337,3.94,85838,2011
The Ambassador's Mission,1337,3.91,16470,2010
The Oathbound,1337,4.09,12578,1988
The Gray Wolf Throne,1336,4.39,38514,2011
Pani Jeziora,1334,4.26,20695,1999
Dark Lord of Derkholm,1332,4.12,13452,1998
Our Dark Duet,1330,4.23,21378,2017
Matched,1330,3.67,585834,2010
The Handmaid's Tale,1324,4.09,999179,1985
Ilse Witch,1324,3.96,16267,2000
Cold Fire,1323,4.07,19605,2002
Salamandastron,1323,4.06,26074,1992
Half a War,1321,4.02,18560,2015
Winds of Change,1321,4.04,13601,1992
The Girl of Fire and Thorns,1316,3.8,69271,2011
Priestess of the White,1316,3.86,14036,2005
"The Book of Lost Tales, Part One",1315,3.82,11828,1984
Lament: The Faerie Queen's Deception,1313,3.68,30229,2008
The Last Guardian,1312,4.14,46758,2012
Another Fine Myth,1312,4.04,19952,1978
The Belles,1311,3.88,11026,2018
Cold Magic,1309,3.72,8113,2010
Dragon Slippers,1308,4.23,24373,2006
The Wicked King,1306,4.61,14550,2019
The Crippled God,1305,4.46,19622,2011
Sign of the Unicorn,1304,4.14,15096,1975
World's End,1302,4.48,39130,1995
Lady Midnight,1298,4.45,126607,2016
Running with the Demon,1298,3.96,25265,1997
Shadowfell,1295,3.92,11993,2012
Onyx,1293,4.31,130918,2012
The Screaming Staircase,1293,4.2,25841,2013
Something Rotten,1293,4.15,29654,2004
Night Mare,1292,3.82,16864,1982
River Secrets,1291,4.04,31595,2006
Tricked,1289,4.25,39981,2012
The Golden Lily,1288,4.35,96722,2012
Quintana of Charyn,1288,4.31,13201,2012
The Hero and the Crown,1285,4.21,47505,1984
In the Night Garden,1285,4.13,6085,2006
Who Fears Death,1283,3.97,12729,2010
Changes,1283,4.54,82615,2010
Arcanum Unbounded: The Cosmere Collection,1282,4.52,15263,2016
The Elite,1281,4.02,325140,2013
"Ogre, Ogre",1279,3.74,15562,1982
The Falconer,1278,3.76,13107,2013
Anna Dressed in Blood,1278,3.95,85929,2011
Malice,1278,4.12,11412,2012
Mr. Penumbra's 24-Hour Bookstore,1277,3.75,151483,2012
The Courts of Chaos,1277,4.18,18843,1978
Valiant: A Modern Tale Of Faerie,1276,3.91,30979,2002
The Bone Witch,1274,3.68,9531,2017
The Dark Prophecy,1274,4.26,34537,2017
"Saga, Vol. 5",1273,4.43,43635,2015
Vision in Silver,1273,4.27,23614,2015
The Runaway King,1273,4.23,30576,2013
Mortal Heart,1273,4.11,18932,2014
Lips Touch: Three Times,1273,3.88,12202,2009
Queste,1273,4.05,47940,2008
The Passage,1272,4.04,162555,2010
The One Tree,1268,3.97,16630,1982
Assassin's Fate,1267,4.64,19918,2017
Clean Sweep,1265,4.2,28093,2012
Serpent Mage,1265,4.07,19329,1992
The Awakening,1263,4.16,101963,2009
Sea Glass,1262,4.0,17195,2009
Fire Sea,1261,4.06,16679,1991
Renegades,1259,4.15,28546,2017
Shadowmarch,1259,3.73,10532,2004
Shards of a Broken Crown,1258,4.01,18834,1998
Winds of Fury,1257,4.04,12312,1993
The Kindly Ones,1256,4.59,38883,1996
The Warlock,1255,4.18,47072,2011
Starcrossed,1254,4.07,58270,2011
Red Prophet,1252,3.79,18695,1988
The Rose &amp; the Dagger,1250,4.16,43407,2016
Frost Burned,1250,4.36,54391,2013
Libriomancer,1247,3.8,11059,2012
Secret History,1245,4.38,19052,2016
Erak's Ransom,1244,4.32,44997,2007
The Assassin's Curse,1242,3.69,17143,2012
Jackaby,1240,3.83,19068,2014
Lucinda's Secret,1239,3.88,28643,2003
Tempted,1238,3.96,144133,2008
Timeless,1237,4.12,24368,2012
The Beauty of Darkness,1235,4.24,23233,2016
The Hand of Oberon,1235,4.2,15574,1976
Tempests and Slaughter,1233,4.1,8895,2018
Traitor's Moon,1233,4.11,9225,1999
"To Green Angel Tower, Part 2",1232,4.2,20659,1993
Walk on Earth a Stranger ,1232,3.93,13886,2015
One Dark Throne,1231,4.13,22738,2017
Under the Never Sky,1231,4.0,101739,2011
The Girl from Everywhere,1230,3.71,11436,2016
The Master and Margarita,1229,4.31,192863,1967
Of Fire and Stars,1228,3.73,9491,2016
The Witching Hour,1226,4.11,94461,1990
Bridge of Birds,1225,4.29,8935,1984
The Lives of Christopher Chant,1225,4.23,19498,1988
Passion,1223,3.89,134137,2011
The Hallowed Hunt,1222,3.84,9098,2005
The Shadow of What Was Lost,1221,4.15,15718,2014
The Black Gryphon,1221,4.04,12582,1994
Wizard at Large,1218,3.82,14641,1987
Oathbreakers,1218,4.17,14011,1989
The Metamorphosis,1214,3.8,502062,1915
The Assassin and the Pirate Lord,1214,4.24,27456,2012
The Ship of the Dead,1213,4.38,30748,2017
Mirror Mirror,1213,3.28,28508,2003
Renegade's Magic,1211,3.48,12954,2007
The Ironwood Tree,1211,3.93,30895,2004
The Shadow Queen,1209,3.75,12855,2016
Of Poseidon,1209,4.03,43038,2012
The Masterharper of Pern,1208,4.23,21665,1998
Edgedancer,1206,4.33,19447,2016
Alif the Unseen,1206,3.84,14268,2012
The Forbidden Wish,1206,4.02,9412,2016
Angels' Blood,1206,4.11,65981,2009
Naamah's Kiss,1206,4.11,12453,2009
Legendary,1203,4.27,21330,2018
City of Dragons,1202,4.07,20604,2011
Witch &amp; Wizard,1201,3.56,50476,2009
The Wake,1198,4.53,38968,1996
Dreams Made Flesh,1196,4.32,14837,2005
Weaveworld,1194,4.13,25810,1987
The Hand of Chaos,1194,4.06,16586,1993
The Indigo Spell,1194,4.39,85309,2013
The High King's Tomb,1192,4.23,14107,2007
The Wizard Heir,1191,4.14,37951,2007
A Dirty Job,1191,4.07,93565,2006
The Glass Magician,1190,3.88,29979,2014
Reckless,1189,3.73,15238,2010
The Goddess Test,1188,3.82,49883,2011
A Dance with Dragons 2: After the Feast,1187,4.42,20044,2011
A Lion Among Men,1187,3.3,25197,2008
Take a Thief,1187,4.11,12119,2001
The Ice Dragon,1186,3.78,13260,1980
Swords and Deviltry,1185,3.88,10007,1970
The Wayfarer Redemption,1185,3.94,15368,1995
Dead Ever After,1184,3.43,71693,2013
Into the Labyrinth,1184,4.1,18645,1993
The Sin Eater’s Daughter,1181,3.48,13175,2015
Storm Warning,1181,4.02,11479,1994
Passage to Dawn,1180,4.08,17084,1993
Rebel Belle,1180,3.86,34289,2014
Blue Bloods,1180,3.68,125152,2006
Antrax,1180,3.96,14874,2001
Dragons of Summer Flame,1178,3.85,13974,1995
The Emperor's Edge,1176,4.03,11319,2010
Across the Wall: A Tale of the Abhorsen and Other Stories,1176,3.79,13957,2005
Magic Rises,1174,4.48,40106,2013
Senlin Ascends,1172,4.23,7230,2013
Foxglove Summer,1170,4.19,22878,2014
The Wrath of Mulgarath,1169,3.93,31013,2004
Beauty: A Retelling of the Story of Beauty and the Beast,1167,4.05,64879,1978
A Kiss of Shadows,1165,4.01,49575,2000
Master of Crows,1163,3.96,11400,2009
Sheepfarmer's Daughter,1163,4.15,10361,1988
The Mirror of Her Dreams,1163,3.91,12433,1986
The Seventh Gate,1162,4.1,16554,1994
Wildest Dreams,1160,4.17,23574,2011
Troubled Waters,1158,4.0,8071,2010
The Rose Society,1157,4.08,40462,2015
Taliesin,1157,3.99,14532,1987
Armageddon's Children,1156,4.1,14198,2006
Summers at Castle Auburn,1156,4.02,10114,2001
"Short Stories from Hogwarts of Power, Politics and Pesky Poltergeists",1155,4.2,20934,2016
Incarnate,1154,3.73,21029,2012
Alcatraz Versus the Evil Librarians,1154,3.88,18529,2007
Alice,1152,3.88,15420,2015
The Invisible Ring,1152,4.06,12436,2000
Savvy,1151,3.97,42170,2008
Practical Magic,1149,3.79,54814,1995
Keturah and Lord Death,1149,3.88,12433,2006
The Dark Days Club,1148,3.79,11349,2015
Under Heaven,1147,4.14,11693,2010
Hogwarts: An Incomplete and Unreliable Guide,1145,4.21,20830,2016
The Orphan Queen,1144,3.96,12628,2015
Scythe,1143,4.36,55851,2016
Heir to Sevenwaters,1143,4.2,12404,2008
Carve the Mark,1141,3.77,44124,2017
Finale,1141,4.21,124063,2012
The Tale of the Body Thief,1141,3.72,75725,1992
The Hollow Hills,1141,4.24,19170,1973
Thirteenth Child,1140,3.79,10204,2009
Wielding a Red Sword,1140,3.94,17544,1986
The One,1139,4.21,289478,2014
Golden Son,1139,4.45,112429,2015
Ice Like Fire,1139,3.77,16650,2015
The Reckoning,1139,4.21,101819,2010
The Kings of Clonmel,1139,4.29,42149,2008
Nevermoor: The Trials of Morrigan Crow,1138,4.39,13744,2017
First Grave on the Right,1138,4.06,65050,2011
Beautiful Redemption,1138,3.93,59998,2012
Forest Born,1138,4.02,22942,2009
Chronicles of the Black Company,1137,4.21,20587,1986
World War Z: An Oral History of the Zombie War,1137,4.01,380005,2006
"The Wicked + The Divine, Vol. 1: The Faust Act",1137,3.84,42517,2014
The Lovely Bones,1137,3.79,1806049,2002
The Snow Child,1136,3.97,100451,2012
11/22/63,1133,4.3,354173,2011
The Scorch Trials,1133,3.93,388099,2010
War Storm,1132,3.89,34156,2018
Among Thieves,1132,3.94,11687,2011
Morgawr,1132,3.97,14443,2002
Trapped,1130,4.28,35994,2012
The Dark Elf Trilogy Collector's Edition,1130,4.34,23939,1995
Crucible of Gold,1129,3.93,10221,2012
Delirium,1127,3.98,385441,2011
The Rose and the Thorn,1126,4.39,17669,2013
Wildwood,1124,3.65,24344,2011
Sandman Slim,1124,3.94,30304,2009
The Blood Mirror,1121,4.33,22666,2016
Midnight for Charlie Bone,1120,3.81,36577,2002
The Cloud Roads,1119,3.96,5476,2011
The Providence of Fire,1117,4.14,17838,2015
The Long Dark Tea-Time of the Soul,1117,4.06,70811,1988
Storm Rising,1116,4.01,11067,1995
The Immortal Rules,1113,4.1,60362,2012
The Masked City,1113,3.95,11860,2015
Spell Bound,1113,4.08,53642,2012
The Autumn Republic,1112,4.36,18255,2015
The Left Hand of Darkness,1111,4.06,93473,1969
Ironside: A Modern Faery's Tale,1111,4.05,32717,2007
A Shadow Bright and Burning,1110,3.76,10260,2016
Enchanted,1110,3.74,15340,2012
The Left Hand of God,1108,3.65,14851,2010
Shades of Grey,1108,4.14,29520,2009
Unravel Me,1107,4.27,140769,2013
Night of Cake &amp; Puppets,1107,4.33,15361,2013
The Emerald Atlas,1104,3.93,18444,2011
Foundryside,1104,4.32,5237,2018
Marked in Flesh,1103,4.3,18537,2016
Huntress,1103,3.79,9526,2011
Till We Have Faces,1103,4.19,44782,1956
The Bellmaker,1102,3.97,20455,1994
The King of Elfland's Daughter,1100,3.84,5329,1924
Into the Wild,1099,4.29,64744,2003
Gregor and the Prophecy of Bane,1099,4.18,35724,2004
Ever,1098,3.44,18894,2008
Talon of the Silver Hawk,1097,4.02,15393,2002
Forest of a Thousand Lanterns,1096,3.77,5111,2017
Hunting Ground,1095,4.27,53284,2009
The Fiery Cross,1095,4.27,139798,2001
Girls of Paper and Fire,1094,3.92,6657,2018
The Dragonriders of Pern,1094,4.23,24689,1968
"Little, Big",1094,3.83,9092,1981
The Renegades of Pern,1093,3.85,17135,1989
Shadow Study,1093,4.08,11717,2015
Burned,1092,3.98,133975,2009
Halt's Peril,1091,4.39,42051,2009
First Lord's Fury,1090,4.38,51258,2008
Defy,1089,3.74,18591,2014
Spy Glass,1089,4.0,14957,2010
The Complete Fairy Tales,1087,4.28,115015,1835
Fragile Eternity,1086,3.83,40211,2009
Being a Green Mother,1086,3.96,16853,1987
The Power of Six,1085,4.17,113432,2011
Dragon Bones,1084,4.05,9728,2002
The Enchantress,1084,4.24,35519,2012
Frozen Tides,1082,4.38,15602,2015
The Forest of Hands and Teeth,1081,3.59,77343,2009
Storm Breaking,1081,4.05,11170,1996
Windwitch,1080,4.01,11408,2017
The Sword in the Stone,1079,3.91,21481,1938
Torn,1079,4.04,61978,2010
Mystic and Rider,1079,4.08,8851,2005
Lord Brocktree,1076,3.96,47151,2000
Labyrinth Lost,1073,3.76,7323,2016
Lover Eternal,1073,4.35,161593,2005
"Sun and Moon, Ice and Snow",1071,3.97,19117,2008
Touch of Power,1070,4.15,39214,2011
The Elvenbane,1070,3.95,13822,1991
The Thousand Orcs,1068,4.09,16781,2002
Mythago Wood,1066,3.82,7506,1984
One Good Knight,1064,3.85,9817,2006
The Restaurant at the End of the Universe,1063,4.22,197397,1980
Garden Spells,1063,4.07,77490,2007
The Runelords,1062,3.75,16897,1998
"Rat Queens, Vol. 2: The Far Reaching Tentacles of N'rygoth",1061,4.14,22750,2015
The Deed of Paksenarrion,1061,4.29,11259,1992
Grim Tuesday,1061,3.87,23260,2004
Shadows Linger,1060,4.16,13630,1984
Pegasus,1060,3.6,8230,2010
The Silent Blade,1060,4.11,16799,1998
The White Gryphon,1058,3.9,10700,1995
Outcast of Redwall,1058,3.91,17956,1995
The Briar King,1058,3.73,10564,2002
Shadow &amp; Claw,1057,4.03,14225,1994
Grass for His Pillow,1056,4.02,20009,2003
Watchmen,1056,4.35,442794,1987
Krondor: The Betrayal,1056,3.84,12790,1998
Sky in the Deep,1055,4.05,12815,2018
Welcome to Night Vale,1055,3.84,27243,2015
Furthermore,1053,3.94,9638,2016
"The Good, the Bad, and the Undead",1051,4.26,56884,2005
The Fire Rose,1049,3.96,9320,1995
Day Watch,1049,4.06,18857,2000
Where the Mountain Meets the Moon,1048,4.26,30401,2009
Crewel Lye,1048,3.71,12057,1984
Magic Strikes,1047,4.44,63153,2009
Everneath,1046,3.75,39874,2012
Seeing Redd,1046,3.85,16467,2007
Exile's Honor,1044,4.19,10680,2002
First Among Sequels,1044,4.01,22484,2007
Frostblood,1036,3.88,14171,2017
Opal,1034,4.32,109855,2012
